{
    "GN": "",
    "GROUP": {
        "AM": {
            "AP": {}
        },
        "AR": {
            "AP": [
                "ca62166afccf84f97f86a26d8664f4a1e"
            ],
            "P": {
                "ca62166afccf84f97f86a26d8664f4a1e": ""
            },
            "S": {}
        },
        "LM": {
            "AP": [
                "ca62166afccf84f97f86a26d8664f4a1e"
            ],
            "P": {
                "ca62166afccf84f97f86a26d8664f4a1e": "Hallo @!Knapa left ?"
            },
            "S": {
                "ca62166afccf84f97f86a26d8664f4a1e": {
                    "AP": false,
                    "Sticker": {
                        "STKID": "17888",
                        "STKPKGID": "1071",
                        "STKTXT": "[Sticker]",
                        "STKVER": "3"
                    }
                }
            }
        },
        "WM": {
            "AP": [],
            "P": {
                "ca62166afccf84f97f86a26d8664f4a1e": ""
            },
            "S": {
                "ca62166afccf84f97f86a26d8664f4a1e": {
                    "AP": false,
                    "Sticker": {
                        "STKID": "52114116",
                        "STKOPT": "A",
                        "STKPKGID": "11539",
                        "STKTXT": "[Sticker]",
                        "STKVER": "1"
                    }
                }
            }
        }
    },
    "Members": 0,
    "MessageCount": true,
    "ROM": {},
    "ROM1": {},
    "Unsend": {},
    "autoJoin": false,
    "autoLike": false,
    "blacklist": [],
    "bots": [],
    "comment": false,
    "info": {},
    "limit": {},
    "lurkauto": false,
    "lurkp": {},
    "lurkt": {},
    "name": {},
    "notificationCall": [],
    "notificationCallPrank": [],
    "owner": [
        "u2cf74acf6ed04d122def4db8ffdd2e39"
    ],
    "pesanCall": "",
    "postId": [],
    "prankCall": {
        "audio": "",
        "live": "",
        "video": ""
    },
    "readPoint": {},
    "readPoints": {},
    "responCall": false,
    "setTime": {},
    "setTimess": [],
    "setkey": "",
    "status": true,
    "talkblacklist": {},
    "target": {},
    "tos": {},
    "ttt": "line://app/1602687308-GXq4Vvk9?type=text&text=",
    "userid": [],
    "waktu": 2
}